"BMI_9","BMI_10","BMI_11","BMI_12","BMI_13","BMI_14","BMI_15","BMI_16","BMI_17","BMI_18","BMI_19","BMI_20","BMI_21","BMI_22","BMI_23","BMI_24","BMI_25","BMI_26","BMI_27","BMI_28","BMI_29","BMI_30","BMI_31","BMI_32","BMI_33","BMI_34","BMI_35","BMI_36","BMI_37","BMI_38","BMI_39","BMI_40","BMI_41","BMI_42","BMI_43","BMI_44","BMI_45","BMI_46","BMI_47","BMI_48","BMI_49","BMI_50","BMI_51","BMI_52","BMI_53","BMI_54","BMI_55","BMI_56","BMI_57","BMI_58","BMI_59","BMI_60","BMI_61","BMI_62","BMI_63","BMI_64","BMI_65","BMI_66","BMI_67","BMI_68","BMI_69","BMI_70","BMI_71","BMI_72","BMI_73"
"Age_2",0,5.31601224485777e-06,0.000247914471137676,0.00342256291905189,0.026332444172964,0.119988740998786,0.257785123500519,0.291636928279842,0.178300955600021,0.0764697598342654,0.0246107039951574,0.0059368635131954,0.00469523963121414,0.00310478215217816,0.00352050462026625,0.00183766795241813,0.000546191922532723,0.00101002805530074,0.000521638892511966,2.66334763938661e-05,0,0,0,0,0,0,0,0,0,0,0,0,0,0,0,0,0,0,0,0,0,0,0,0,0,0,0,0,0,0,0,0,0,0,0,0,0,0,0,0,0,0,0,0,0
"Age_3",0,3.87682092991432e-06,0.000193045434775496,0.00325365521696559,0.0263174073581566,0.116909035242572,0.263043199595675,0.287681275373029,0.170185494226136,0.0748699053292962,0.0313643546247911,0.00886007652565096,0.0045615723074391,0.00313670204646448,0.00320672102836272,0.00279919828748068,0.00211432110358565,0.00105345744677878,0.000432132816195244,1.45692157147378e-05,0,0,0,0,0,0,0,0,0,0,0,0,0,0,0,0,0,0,0,0,0,0,0,0,0,0,0,0,0,0,0,0,0,0,0,0,0,0,0,0,0,0,0,0,0
"Age_4",0,0.000183395513183237,0.000473870954611212,0.00344816870886388,0.0284875555104451,0.119684899123851,0.263064817125459,0.277532759147241,0.164239318196677,0.0760559263943986,0.0349958820499209,0.010252851090681,0.00535904205805384,0.00431215955852478,0.00369245972879462,0.00307418940540709,0.0023873359550806,0.00111106079915868,0.000383133231459113,9.21709392159817e-05,0.000161839062611071,2.70641923940074e-05,0.000128752622733405,0.000632784198535156,0.000218564432699478,0,0,0,0,0,0,0,0,0,0,0,0,0,0,0,0,0,0,0,0,0,0,0,0,0,0,0,0,0,0,0,0,0,0,0,0,0,0,0,0
"Age_5",0,0.000160586604950651,0.000417199893692971,0.00320494448899487,0.0274043209872082,0.116074499511223,0.251281044917971,0.265796192066381,0.162039328074682,0.0783413431305158,0.0389843917328866,0.0184816454122176,0.00958550349214835,0.0083491689166405,0.00673778657620552,0.00553015552602551,0.00286132545118218,0.00119474668445945,0.000880692728356266,0.000471054899084568,0.000884524400819449,0.000451120788827584,0.000117018831663982,0.000555307924728329,0.000196096959135278,0,0,0,0,0,0,0,0,0,0,0,0,0,0,0,0,0,0,0,0,0,0,0,0,0,0,0,0,0,0,0,0,0,0,0,0,0,0,0,0
"Age_6",3.88803859701493e-06,0.000140441397479302,0.000375669248529459,0.00316745003259522,0.0262828123603682,0.107657067222132,0.23570646344043,0.254402043690374,0.163141856524727,0.0863347359745554,0.0467882089527555,0.0252487133716316,0.0135867968698029,0.0108703146309388,0.00871972020474329,0.00745038849064282,0.00365817226362595,0.00161731283090784,0.00160320432892251,0.00124521877611411,0.000816124020685516,0.000403985063199486,0.000124744686088489,0.000465769102842201,0.000182104852963589,6.7936243482552e-06,0,0,0,0,0,0,0,0,0,0,0,0,0,0,0,0,0,0,0,0,0,0,0,0,0,0,0,0,0,0,0,0,0,0,0,0,0,0,0
"Age_7",6.81601760061884e-06,0.000137200734963183,0.000439009039449491,0.00449055591379924,0.028503098415756,0.106492438411426,0.219192872550146,0.234031275153435,0.155197573205493,0.0886210690993333,0.0544186132133893,0.034085696132969,0.0199243800290848,0.0163223160703741,0.0119356457411766,0.00853162563063244,0.00552930091714671,0.00342162674123612,0.00187938428052763,0.00126484307491725,0.0011280052908963,0.00147742915337608,0.000863801639528994,0.000552054602566081,0.000266751487209743,0.000143046992638857,0.000467186615801313,0.000135092425326176,9.9625589201141e-06,0.00017316342027329,0.000315722388482207,4.24430521253784e-05,0,0,0,0,0,0,0,0,0,0,0,0,0,0,0,0,0,0,0,0,0,0,0,0,0,0,0,0,0,0,0,0,0
"Age_8",1.75994612897941e-05,0.000152793132299259,0.000841099383016484,0.00653603567461692,0.0311750121752294,0.0977337465736272,0.18226737925271,0.201608472605206,0.153943874585294,0.101536209631494,0.0683426577058935,0.0473887945314682,0.0317164164368373,0.0232295784858324,0.0159487465804548,0.0109897515136465,0.00791249004687923,0.00563771752320277,0.00343481199741862,0.00228911602973059,0.00179406841529036,0.0016538530021591,0.00129711307805264,0.000916318932237941,0.000367831983785146,0.000207020471949927,0.000369986210352459,0.00016149317611947,3.25913559645544e-05,0.000172507414612625,0.000257386455988599,6.75261773408116e-05,0,0,0,0,0,0,0,0,0,0,0,0,0,0,0,0,0,0,0,0,0,0,0,0,0,0,0,0,0,0,0,0,0
"Age_9",4.05080319013361e-05,0.00028632103839027,0.00175492286025162,0.00915499340389533,0.0341597786454654,0.0875452510308468,0.147545622023165,0.168392645716495,0.146184795758975,0.112580654194492,0.0841627544620921,0.0612419977880383,0.0426190132791479,0.0293926542364055,0.0202585488705824,0.0145517110810022,0.0111280344766296,0.00833955795209388,0.00577982658442293,0.00394045327629398,0.00293960077431066,0.00234479347937217,0.00184104678208721,0.00113829273383891,0.000490751446236789,0.000284983342076103,0.000365439408385417,0.000372678934522353,0.000360913468000963,0.000381557987057891,0.000294897595992731,0.000110607978004419,1.43913595278608e-05,0,0,0,0,0,0,0,0,0,0,0,0,0,0,0,0,0,0,0,0,0,0,0,0,0,0,0,0,0,0,0,0
"Age_10",0.000145061074771315,0.00074234157204929,0.00327764729708455,0.0120124279156309,0.0343429992218912,0.0734057962751662,0.115287555797985,0.137566709492917,0.1346084460946,0.117037888969435,0.0952198885598433,0.0739101342305432,0.0549406875579032,0.039722634824428,0.0285066000195735,0.0208776581924335,0.0155187304585071,0.0111889672254583,0.00800414181443318,0.00597464687379291,0.00447056251487062,0.00323351072545871,0.0023382452680937,0.00163010345559981,0.00103553476810992,0.000667641650418992,0.000546834196620434,0.000582296021547818,0.000638727992571432,0.000568064848905403,0.000365566866810866,0.000156938658262356,4.06874755364231e-05,6.02230137313089e-06,3.63715092391915e-07,1.29946156510515e-06,9.18753296520592e-06,4.3305506665561e-05,0.000134092494255018,0.000273385513894543,0.00036646646453378,0.000323232442161556,0.000187456205461226,7.15450676203259e-05,1.79653831586164e-05,0,0,0,0,0,0,0,0,0,0,0,0,0,0,0,0,0,0,0,0
"Age_11",0.000265915658554106,0.00108006048081426,0.00384968392552741,0.0118661743870373,0.0302807933429984,0.0610970280973878,0.0954764974934,0.118535580285152,0.124236907820273,0.116976824352651,0.102568148138439,0.0844284669319076,0.0653369992395389,0.048212838034026,0.034924306686024,0.0259092088015822,0.019694289423658,0.014544661755426,0.0103773109752539,0.00741349544250427,0.005333344525645,0.00386955412713872,0.00286270922892915,0.00209762755788582,0.00152341931372551,0.00123967688025765,0.00118162791095934,0.00111369665972064,0.000923984971726721,0.000666278498956163,0.000402882085052095,0.000186712771683904,6.06637614207972e-05,1.35611695684281e-05,2.46174062255616e-06,5.7658221306557e-06,2.26793612553002e-05,6.83660622035351e-05,0.00015341963514927,0.000255060117025146,0.000314421734841918,0.000287459136637205,0.000194863242931869,9.79618606680287e-05,3.65161255920598e-05,1.00944261165708e-05,0,0,0,0,0,0,0,0,0,0,0,0,0,0,0,0,0,0,0
"Age_12",4.29480602177673e-05,0.000141040912965085,0.000536018921011383,0.00181835721257493,0.00560425068421446,0.0146791545646334,0.0323189592630568,0.0592857982162161,0.0903342304971918,0.116554482579859,0.13002112381748,0.126499167380534,0.109318798329191,0.086383911243483,0.0647295276550028,0.0477163138637976,0.0345258418442875,0.0240400539382733,0.0160738259902225,0.0101930906053988,0.0062155337456678,0.00412077597563252,0.00335231760359822,0.00308422965934437,0.00277280504099084,0.00217825076421539,0.00146405023091898,0.00103405762737684,0.000899021777726026,0.000715162096675405,0.00039490018290381,0.000147163198265371,9.63944544856502e-05,0.000259010632373008,0.000563589318329955,0.000715724993262084,0.000531069672626181,0.000249646564898305,0.000106611497512452,6.97363419147585e-05,7.19991766315623e-05,6.19525970221521e-05,4.26518326335201e-05,2.29853625799302e-05,9.60702532671876e-06,3.08812010375572e-06,7.68927373341041e-07,0,0,0,0,0,0,0,0,0,0,0,0,0,0,0,0,0,0
"Age_13",3.01651549669128e-05,9.36304181393445e-05,0.000368194635340683,0.00132831263283836,0.00434557386407474,0.0119487180689393,0.0274290119007948,0.0523017333752053,0.0825773775503884,0.109915251421555,0.126140247074096,0.126662046746733,0.11343764647575,0.0927081994456777,0.0712142327873076,0.0530496948356094,0.0383142247453511,0.0265245459372284,0.017694002837719,0.0115203358272536,0.00754840593146935,0.00523947343026894,0.00398363626590313,0.00329020386418822,0.00286078584153267,0.00234677769334519,0.00163795374930834,0.00108502039298361,0.000843371486786955,0.00064112031572093,0.000353938315942638,0.00013558672142277,8.57213323371842e-05,0.000218432457061199,0.000476463156540796,0.000607392496176268,0.000450894016073856,0.000214146435606913,9.71033302477677e-05,6.89321500150353e-05,7.07965923229788e-05,6.09629028032686e-05,4.23501815498759e-05,2.32368089964119e-05,9.96163656144037e-06,3.32587989998285e-06,8.60879965411499e-07,0,0,0,0,0,0,0,0,0,0,0,0,0,0,0,0,0,0
"Age_14",1.59560818714445e-05,5.00796867941927e-05,0.000247371404485685,0.00102037659430005,0.00361010504037862,0.0103484222734399,0.0242225970005132,0.0466977642449575,0.0748028289550653,0.101902449752174,0.120408752668524,0.124707477421467,0.11502722888417,0.0966276732052211,0.0762397789058276,0.0583712709712054,0.0433172798740347,0.0303815404052493,0.0200274860712966,0.0128715612915721,0.00870425019981886,0.00650538990498929,0.00524785789842657,0.00439287473346259,0.00370420738424759,0.00292637434828779,0.00205383023107377,0.00135602615218971,0.000931833226615088,0.00062493902029205,0.000337681840809262,0.000142315776570921,9.35516313200675e-05,0.000198903460586727,0.000408684677217492,0.00051557537585078,0.000387884544181968,0.000192234668721298,9.40459231647023e-05,7.08361356960293e-05,7.36178364332251e-05,6.30956798546608e-05,4.25721944548257e-05,2.20870196511149e-05,8.72016512817092e-06,2.60923840817802e-06,0,0,0,0,0,0,0,0,0,0,0,0,0,0,0,0,0,0,0
"Age_15",1.26165202291096e-05,3.65107171580607e-05,0.00020856601541897,0.000894036434425162,0.00319605911950619,0.00918669840278998,0.0215476493356178,0.0418128476782657,0.0679390517899777,0.0943247093399725,0.113753887223298,0.120626740967087,0.114707298422448,0.100185389345482,0.0822199201464938,0.0645164794543156,0.0484115773537426,0.0342137084178997,0.022688434282568,0.0148328214802002,0.0104098511148398,0.00798320402315385,0.00634372549522503,0.0050532198629878,0.00400185269305884,0.00300770585027678,0.00204184233748382,0.00130682409386737,0.000884987559930617,0.000644221758370638,0.000468738145891883,0.000328629368782575,0.000228506290720746,0.000239091765112122,0.000371799773736015,0.000448812975524204,0.000343822087190374,0.000180661891592169,9.54519941771427e-05,7.814798183255e-05,7.58222833355107e-05,6.52479512363457e-05,4.48233856926759e-05,2.40531537479313e-05,9.98240260040584e-06,3.1878461146808e-06,7.83466622335823e-07,0,0,0,0,0,0,0,0,0,0,0,0,0,0,0,0,0,0
"Age_16",1.29772499754586e-05,3.29937247506358e-05,0.000180922524280136,0.000775880516905345,0.00280264947522284,0.00814717283815353,0.0193209401233078,0.0379813207020524,0.062748430816847,0.0889847046501377,0.109996181903519,0.119681547641234,0.116384341323121,0.103101472978004,0.0852085575301013,0.0673294539948305,0.0509836868307224,0.0363668632998064,0.024399040450981,0.0160922796340873,0.0111767905318899,0.00849400384528015,0.00700806493283819,0.00595912108658037,0.00484939084324962,0.00354475375803179,0.0022801942604229,0.00137054359943677,0.000881120038894,0.000649115279711475,0.000532622760777718,0.000444679910782989,0.000333125813471102,0.000282855795695036,0.000358798450801283,0.000412528618529746,0.000315699317923341,0.000169658256031627,9.38223026002202e-05,7.83330817453217e-05,7.56169733060239e-05,6.56288311021808e-05,4.68286622185321e-05,2.69699535649233e-05,1.24306342611447e-05,4.55772070145375e-06,1.32653211243571e-06,0,0,0,0,0,0,0,0,0,0,0,0,0,0,0,0,0,0
"Age_17",1.09627239089935e-05,2.55294068986533e-05,8.90390924028745e-05,0.000349014097884466,0.00138422635791542,0.00469666279034954,0.012791332388644,0.0280562940831444,0.0508318299282049,0.0780590379910232,0.102952194970139,0.117854272410818,0.119376993937992,0.109499518278215,0.0931805513836546,0.0751799294121787,0.0577506963627135,0.0420132112881867,0.0293312600968471,0.0202041458440849,0.0139183390921081,0.00984927053505386,0.00759110157588328,0.00638420543977856,0.00538481946837468,0.00412057003877634,0.00270215140708124,0.00157076348929025,0.000940716972098046,0.000658815322578383,0.00053128410852294,0.000441387153131277,0.000330466311328247,0.000280416648980854,0.00035420944504737,0.000406808289146004,0.000312573269131882,0.000169856624878367,9.56312846294296e-05,8.07235299847073e-05,7.8136362547557e-05,6.76927955379998e-05,4.79862695910805e-05,2.73168132422259e-05,1.23711680995166e-05,4.4273317452683e-06,1.25640822651173e-06,0,0,0,0,0,0,0,0,0,0,0,0,0,0,0,0,0,0
"Age_18",9.45975278063124e-06,2.02896665621176e-05,3.98606545162079e-05,0.00014916472696175,0.000644557248739544,0.0025184240892533,0.00771455914881757,0.0188847660130524,0.0383668034393145,0.0654529381473442,0.0939292387574623,0.114770458538325,0.122233475339623,0.116299089665055,0.101227616969055,0.0826437133781713,0.0643824382933817,0.0478276056252711,0.0338016201977108,0.0231188078404167,0.0157207601285349,0.0112532232065326,0.00905281128741955,0.00791864106845424,0.00674873063258669,0.00507505745975164,0.00326551387939159,0.00193402129326394,0.00122568074250129,0.000886896669378535,0.000683689721495345,0.000517698761281547,0.000342210737758179,0.000217895004571844,0.000205360431258536,0.000217951905110675,0.000170929468822347,0.000107561749103765,8.19158319684051e-05,8.19219977751e-05,8.52554960218624e-05,7.39557562416404e-05,5.16122272418003e-05,2.84211805877813e-05,1.22298068322176e-05,4.09914686195812e-06,1.06691743809449e-06,0,0,0,0,0,0,0,0,0,0,0,0,0,0,0,0,0,0
"Age_19",1.15115340506161e-06,4.48815434693039e-06,1.47946445817425e-05,8.29615722329179e-05,0.000400428334167682,0.0016365802313176,0.00520420568318193,0.0133148102501309,0.0286701438009744,0.0523699353918133,0.0806701540647765,0.10554791160887,0.11951677843934,0.119589886736437,0.108337707434793,0.0912987814393895,0.0729447886936321,0.0554651823353807,0.0401079466520027,0.0278378264549018,0.019186404554404,0.0140765966011667,0.0112200145363395,0.00916756291580136,0.00727617461758771,0.00534883942309996,0.00357474682264979,0.00224025701853798,0.00140745462288341,0.000955007401501219,0.000703155386468705,0.000523221534545259,0.000343558335854342,0.000217791221875874,0.000205062373543519,0.000216029341337958,0.000162713687509253,8.61493869907793e-05,4.01248140058195e-05,1.8231082650327e-05,9.44908262947523e-06,3.80357700764838e-06,1.18858593360154e-06,0,0,0,0,0,0,0,0,0,0,0,0,0,0,0,0,0,0,0,0,0,0
"Age_20",0,0,5.0580944378917e-06,5.34477480716393e-05,0.000277670354499563,0.00114886953260156,0.00382275574561733,0.0104422838319132,0.023602809134988,0.0443013719324233,0.0698749394105805,0.09432175848055,0.111090394736509,0.116417193231723,0.110886805787015,0.0979960614572824,0.0813945287895724,0.0635226904137532,0.0466151173440125,0.0329217049495159,0.023368457816891,0.0174282627723322,0.0136942721746012,0.0108635753724606,0.0083729714879293,0.00610873388531983,0.00414607356217688,0.0025652415777098,0.00145480482184575,0.000865424374175278,0.000627537830309827,0.000492459387970114,0.000342970289513463,0.000229453670580576,0.000207519377383654,0.000209225664030265,0.000161092465179999,9.00832423745546e-05,4.26151249190899e-05,2.01814181380901e-05,8.94395686064077e-06,3.55037049703001e-06,1.08838173375351e-06,0,0,0,0,0,0,0,0,0,0,0,0,0,0,0,0,0,0,0,0,0,0
"Age_21",0,0,4.81256855163246e-06,4.63518452661051e-05,0.000237517774286913,0.000972303331599385,0.00319866134409378,0.00868871474637599,0.0198252208980596,0.038056684059074,0.0617240702761603,0.0858137387266835,0.10459621469075,0.114394281702451,0.113778717151016,0.103646090165325,0.0875281027494846,0.0693024991263321,0.0516505685695255,0.0368289047987424,0.0262347483543103,0.0195000114246619,0.0150450445139438,0.0116228775929189,0.00884819282175995,0.00652257431338403,0.00447319328043073,0.00272378194943577,0.00145983698699925,0.000803391551622579,0.000590824190708258,0.000514599935644461,0.000400684026405721,0.000286439931753697,0.000239579442404671,0.000212030234245652,0.000143783138791002,6.4349172806625e-05,1.74952093797737e-05,3.10740461402574e-06,0,0,0,0,0,0,0,0,0,0,0,0,0,0,0,0,0,0,0,0,0,0,0,0,0
"Age_22",0,0,3.07694760116985e-06,3.82736903224893e-05,0.000195241077518316,0.000774080563817768,0.00249478158611985,0.00683495584112025,0.0161053299301462,0.0321998425997753,0.0541913909736883,0.0778302811109763,0.0979565729606852,0.110577104288461,0.113261948552829,0.106259387236387,0.0926372922808537,0.0757112772864559,0.0580095954809238,0.0421009654511013,0.0300586515480973,0.0221554833548726,0.0168572151646453,0.012687717774609,0.00934699317804567,0.00685979877118691,0.00497565829838973,0.00339902192479035,0.00208692632264552,0.00119806426545129,0.000765008482011207,0.000599846676300564,0.000504118526645136,0.00042434559917971,0.000360716408478296,0.000278478086230532,0.000167321528378713,7.05427064389495e-05,1.92071561415238e-05,3.48636867877443e-06,0,0,0,0,0,0,0,0,0,0,0,0,0,0,0,0,0,0,0,0,0,0,0,0,0
"Age_23",0,0,3.36786767717841e-06,2.31783927822205e-05,0.000114575092822242,0.000496929916790042,0.00182695281220631,0.0055590719108958,0.0139177287456894,0.0286672939730265,0.0492897548929874,0.0724110465170748,0.0933669781373457,0.107767059001715,0.112545220610053,0.107480150806717,0.095397302772573,0.0795459916537492,0.0623627425047843,0.0462518984283258,0.0333811129662125,0.0243867998791847,0.0181240864988567,0.0133029869012324,0.0096097892122364,0.00699916215374095,0.00519323605422757,0.00383039606590207,0.00268314951113814,0.00174702054082021,0.00109983517224066,0.000730247155513587,0.000533272673591382,0.000427712310107213,0.000363679128214635,0.000284246271449873,0.000174023997577537,7.56785044548528e-05,2.22524152191574e-05,4.06855086403926e-06,0,0,0,0,0,0,0,0,0,0,0,0,0,0,0,0,0,0,0,0,0,0,0,0,0
"Age_24",0,0,4.42391366207245e-06,3.04076592092924e-05,0.000138084700529112,0.00054966150466768,0.00186443061871981,0.00534264575767295,0.0128746814043602,0.026130310069347,0.0450937999599492,0.0672847473029132,0.0883353368272413,0.103412438196887,0.109284566647308,0.106034075715552,0.0961188092800565,0.0820849147313716,0.0659982896970841,0.0502945588588053,0.0372868586954749,0.0276957173090312,0.0205274550190181,0.0147895185948252,0.0104596532544429,0.00763344470350864,0.00587059570417614,0.00449323412913525,0.00318714712201801,0.0020880812661539,0.00135434761066732,0.000927692112813027,0.000667107077430337,0.000502974154033532,0.000400822996163464,0.000309540028212528,0.00020763877439007,0.000123365652859422,8.01810243773559e-05,6.71137296306757e-05,6.18970590815854e-05,5.57606527496061e-05,4.45194323297195e-05,3.08390288484333e-05,1.83376533595535e-05,1.01196994096022e-05,7.74043909247385e-06,1.15066072536336e-05,2.05738896397062e-05,3.19670845649016e-05,4.04714718243347e-05,4.13458806176414e-05,3.40441215981508e-05,2.25916178244161e-05,1.20858877281363e-05,5.2113351718798e-06,1.81010545141699e-06,5.0622975587762e-07,0,0,0,0,0,0,0
"Age_25",0,0,2.77114015054366e-06,2.43110049800072e-05,0.000122455802210895,0.000504304921377724,0.00168249391047006,0.00465577602115562,0.0110049897955348,0.0225591448622264,0.0401767402182223,0.062301176094924,0.0846181352432219,0.101677800468156,0.109661674747046,0.108146866695137,0.0992847450089821,0.085601862803988,0.0693594471771904,0.0531198059143892,0.0393432144325793,0.0289138809313853,0.0209276078644086,0.0145758647544392,0.010126280645472,0.00772615049562237,0.00655083463886261,0.00542202590957703,0.00395169154380956,0.00257630403682872,0.00162822023616129,0.00103364388856463,0.000662501985201839,0.000469024388745511,0.000381145019766452,0.000302685049259795,0.000202850322886336,0.00011817122962443,7.63453892636579e-05,6.4833077299834e-05,6.06043549932885e-05,5.45952612125515e-05,4.35995285805063e-05,3.02272061510591e-05,1.80097656237534e-05,9.96820982262507e-06,7.6328435547265e-06,1.13161510238435e-05,2.01791829577272e-05,3.1300408436677e-05,3.95862850011847e-05,4.0437550427169e-05,3.33201794910402e-05,2.21469033509842e-05,1.1872393934134e-05,5.1334234028076e-06,1.7894779782953e-06,5.032049350512e-07,0,0,0,0,0,0,0
"Age_26",0,0,2.26715639239466e-06,8.99180428900492e-06,7.67422634492387e-05,0.000353347075953115,0.00133094055908321,0.00402253941035215,0.00993289921808723,0.0206350095408665,0.0369064192769921,0.0576377428725703,0.079557808481827,0.0981110026723991,0.108962320093551,0.110009287615859,0.102375942181328,0.0888623812397164,0.0720803353113757,0.0549416350767661,0.0405758372579204,0.0301545584955117,0.0223035126928031,0.0157696143648963,0.0109586021817335,0.00829958767543506,0.00700298382889983,0.00582457311616366,0.00433513088896395,0.00291200811055523,0.00186355256750007,0.00116300402350499,0.000723661718940381,0.000498715269153459,0.000400546212400379,0.000322756856846746,0.000229421674854725,0.000152807514306531,0.000115321978056257,0.00010080841000238,8.71767574437115e-05,7.0106544238703e-05,5.05635550268392e-05,3.24423421423666e-05,1.83162516080116e-05,9.74689717037e-06,7.28074330863975e-06,1.07996690986376e-05,1.9390042263771e-05,3.02160750976404e-05,3.83112354502054e-05,3.91470813190901e-05,3.21953861707583e-05,2.13113827574444e-05,1.13587827493979e-05,4.8729802294573e-06,1.6814371839564e-06,4.66147434538396e-07,0,0,0,0,0,0,0
"Age_27",0,0,1.42943866199149e-06,6.09373863847265e-06,7.58267619158457e-05,0.00036115563025412,0.00136093593657151,0.00405141211561403,0.0097856963392055,0.019834883640409,0.0347568610928885,0.0537744852546667,0.074541086752833,0.0934846034245848,0.106507902608352,0.110454678999334,0.104824700692587,0.0918552961694822,0.0749978308161272,0.0578472203311087,0.0433071200504991,0.0321859888860174,0.0233605594251971,0.0160912915108721,0.0110118096150413,0.0084516832829702,0.00730214761197871,0.00611530756431454,0.00451624832061172,0.00300154891695279,0.00192803668940649,0.00126460081581099,0.000872794646378281,0.000618625411822649,0.000399906739597067,0.000215920029285328,0.000113296440065315,8.67456699082454e-05,8.88266856709631e-05,9.24054926248731e-05,8.29855523404723e-05,6.60333186308885e-05,4.71285624159364e-05,2.97532807429466e-05,1.62671833851138e-05,8.17323425464092e-06,5.87606671313828e-06,9.26753777090669e-06,1.77453451311425e-05,2.87549328257814e-05,3.71500443186853e-05,3.802070524753e-05,3.08054657326184e-05,1.97515976893542e-05,1.00225779373479e-05,4.02342080152099e-06,1.27762580292257e-06,0,0,0,0,0,0,0,0
"Age_28",0,0,1.14999180596566e-06,1.44929699912477e-05,8.04445488110997e-05,0.000364886214316503,0.00133006682345808,0.0039198875047617,0.00947241825051079,0.0192328751183233,0.0336661918256067,0.0519546132770558,0.071771937864665,0.0896733584513001,0.102170210116259,0.106884366873561,0.103294052503618,0.0927625982233084,0.0779143820563854,0.0618721348339742,0.0472211117906344,0.0349980595600247,0.0250128413534316,0.0171627864681794,0.0118029787265166,0.00883833504428849,0.00728476360263035,0.00600242814789271,0.00456588504823424,0.00319013475414829,0.00213704659566722,0.00146798749302171,0.0011042372417391,0.000872442056211832,0.000622410238470414,0.000362856616561226,0.000186981076330256,0.0001174335119443,0.000104102131759766,9.86348785817169e-05,8.67890260054284e-05,6.83005735152579e-05,4.84093859130799e-05,3.02884647722068e-05,1.62714592704461e-05,7.90678940586723e-06,5.55692573227167e-06,9.08882824160646e-06,1.8015400139421e-05,2.98124286668951e-05,3.89386713471433e-05,3.98908859235367e-05,3.20415132026341e-05,2.01744569764278e-05,9.96287740713084e-06,3.85823224422476e-06,1.17029725468153e-06,0,0,0,0,0,0,0,0
"Age_29",0,0,0,1.18891813594235e-05,6.84796735888987e-05,0.000312645002595884,0.00114869686704154,0.00343257785103128,0.00846482504728699,0.017518028190529,0.0312046256437862,0.0490258642678664,0.069052578802012,0.0878156295044448,0.10135115923188,0.106936982333698,0.104046819617665,0.0940547690305407,0.0796071167059994,0.0637247601372382,0.0487452746397829,0.0357807280527789,0.0253085603701627,0.0177356205577496,0.0130117998327865,0.0102500204286074,0.00834040949170556,0.00662907771598844,0.00498152670988432,0.00350816498614558,0.00234846311096207,0.00157866116871941,0.00115029524954885,0.00088780483993764,0.000626870809916202,0.000364429221362815,0.000187797682592191,0.00011947991235273,0.000107908105223883,0.000101787306766364,8.77918103260846e-05,6.78275681971964e-05,4.73821889486408e-05,2.86888554757865e-05,1.42577873224894e-05,5.98070476854577e-06,3.73646645919654e-06,7.19890460212955e-06,1.66589532092802e-05,3.02841172261415e-05,4.14784471234387e-05,4.26953807987372e-05,3.29898892107205e-05,1.91486530608218e-05,8.34893998637862e-06,2.73272190153365e-06,6.71329845542536e-07,0,0,0,0,0,0,0,0
"Age_30",0,0,7.27277345089589e-07,2.42784191347458e-05,0.000117468376648836,0.000461727379883161,0.00149271261930553,0.00402254252450137,0.00917335847202999,0.0180170011829999,0.0310243475103231,0.0475366534882264,0.0655727103421304,0.082316210068913,0.0950007293445489,0.101462084555096,0.100558340103277,0.0928535897038621,0.0805950486147979,0.0664725418296894,0.0524544183280714,0.0396684729127783,0.0288214079167703,0.0204131290192221,0.0146092476743538,0.0110493280553023,0.00891885598247914,0.00734281937179606,0.00582056244145596,0.00432628224204014,0.00304874698619735,0.00211008477171868,0.00148638433715129,0.00105992915484034,0.000716679168080963,0.000429177231509719,0.000233300324506931,0.000139890432727876,0.000110154997949867,9.62641917843476e-05,8.36062825576269e-05,6.51937245125274e-05,4.5875083375736e-05,2.830544937237e-05,1.47350328812768e-05,6.73906869235884e-06,4.53539964563911e-06,7.91755644155653e-06,1.67115635160616e-05,2.8723565099855e-05,3.82295790813718e-05,3.92457608916002e-05,3.10397418053444e-05,1.89268294541364e-05,8.88922020627199e-06,3.22047113146589e-06,8.98317884796399e-07,0,0,0,0,0,0,0,0
"Age_31",0,0,7.30898109441485e-07,2.26776024771823e-05,0.00011014079242321,0.000432569620805491,0.00139103715602831,0.00372126132120816,0.00846457242669917,0.0167449293708166,0.0292927870904557,0.0457428785498581,0.0642324413437835,0.0818820099430447,0.0956051332959635,0.102651887664684,0.101572802030782,0.0933156436937507,0.0807346233736982,0.0667138805603315,0.0530177947755359,0.0405516173163432,0.0299468224953786,0.0216623692063896,0.0157480725933711,0.0117752295169091,0.00907704485494452,0.00705661397406324,0.00537891782679499,0.00396642756772481,0.00283904774985654,0.00199103919300394,0.00138000542460758,0.000939501970487836,0.000603207498436974,0.000349666964098941,0.000192279282722561,0.000123804019561884,0.00010466715936976,9.49181283407438e-05,8.26059501773561e-05,6.45403711910387e-05,4.55094500770148e-05,2.82558144053807e-05,1.51773469690857e-05,8.29826017793461e-06,8.85118353363423e-06,1.76820456020333e-05,3.40051321992649e-05,5.24915837652806e-05,6.35873848170583e-05,6.0291833618506e-05,4.47210077552054e-05,2.59191544214402e-05,1.17316821784046e-05,4.13931596159647e-06,1.13823028839361e-06,0,0,0,0,0,0,0,0
"Age_32",0,0,8.44877929491522e-07,2.02967324961713e-05,9.94799043336484e-05,0.000391247630445342,0.00125077390589489,0.00332285297590858,0.00754062100644582,0.0150133408606512,0.0266874983889345,0.0426240264276216,0.0613644118126787,0.0801068252340537,0.095363666425452,0.103762466333956,0.103551118409517,0.0958111998432601,0.0834603803076311,0.0691321605048679,0.0545432616863557,0.0410635882589422,0.0298431168524632,0.021441036633219,0.0156831798585472,0.0118941883184387,0.00925720822022093,0.00713394296770282,0.00528000927536133,0.00377782101368157,0.0027175250381739,0.00201987601248154,0.0015356634474766,0.00114851040149274,0.000794979464380907,0.000485679045386889,0.000275482653787268,0.000187202321142902,0.000189854918122096,0.00022583969774926,0.000238224209080347,0.000200031518400385,0.000130091019406539,6.60884355333391e-05,2.74048972004506e-05,1.13109009961606e-05,9.19123204542646e-06,1.80225175648319e-05,3.42170026495255e-05,5.24021828543584e-05,6.32762525310467e-05,6.0056449600827e-05,4.47637209788101e-05,2.61877378278545e-05,1.20096102261828e-05,4.3247451687973e-06,1.21990073033096e-06,0,0,0,0,0,0,0,0
"Age_33",0,0,0,1.43925171876245e-05,7.82617488888853e-05,0.000329744049806435,0.00110453784350165,0.00303564205467887,0.0070806669690428,0.0143950484397654,0.0258582655642657,0.0413239969855279,0.0594512415080854,0.0782732349197087,0.0950116071175594,0.105628908588818,0.106871486839574,0.0992098504395198,0.086030521772029,0.0704633315333986,0.0545190790007336,0.0400806541554524,0.02874536361454,0.0208908686007086,0.015689406956923,0.0120239516483764,0.00917870303450738,0.00684856093575236,0.00492714747850942,0.00341960715098232,0.0023586339322428,0.00170935052488971,0.00135385896393705,0.00111668908471259,0.000856032644518396,0.000567774449323669,0.000336763516685494,0.000212165427210378,0.00017986885757438,0.000193677652562448,0.000196914819828444,0.000156971658022692,9.14521793587069e-05,3.80024448597286e-05,1.14241428082549e-05,3.59090387196574e-06,4.08836259665423e-06,9.78198949570453e-06,1.80022182481629e-05,2.5408864664166e-05,2.75114906415845e-05,2.28515018857754e-05,1.45600829631391e-05,7.11003927115853e-06,2.66640742699968e-06,7.66372556755002e-07,0,0,0,0,0,0,0,0,0
"Age_34",0,0,0,2.88979779416881e-06,6.067941134081e-05,0.000282416247787464,0.00102870726194604,0.0029642422881137,0.00693761875978086,0.0136880161884289,0.0236528848975801,0.0369738636431389,0.0534626239624761,0.072103824879758,0.0900285725031004,0.102629188700586,0.106261128884913,0.100894904533787,0.0892878336683177,0.074439297970013,0.0586692057568529,0.0440042975390192,0.0320820150099114,0.0235097191211476,0.0176754106288945,0.0134442218857753,0.0100510879755762,0.0073002959105294,0.00517168287578529,0.00358040056380219,0.00245365101306855,0.00175457482211264,0.00138091674319667,0.00114186113076672,0.000880132677036812,0.000587330810768561,0.000349441252484994,0.00021996602366947,0.00018658905402195,0.000200890327756948,0.000204597718060362,0.000164906173579847,9.84702007606364e-05,4.25639319584779e-05,1.34974259132272e-05,4.24002166708401e-06,4.08437139413219e-06,9.62406494613038e-06,1.75304940742217e-05,2.4597113742336e-05,2.66020811164103e-05,2.21633964511474e-05,1.42293203026492e-05,7.03873450381102e-06,2.68138215089378e-06,7.88848339934623e-07,0,0,0,0,0,0,0,0,0
"Age_35",0,0,0,1.82797972216404e-05,9.63810775676972e-05,0.00040242435241076,0.00133653651389703,0.00358234850014997,0.0079463092387233,0.0150714228729309,0.025273079030443,0.0384527269108962,0.0539732199024265,0.070543159763541,0.0860559748805418,0.097534072649357,0.102096103861246,0.098743973502089,0.0889598940980743,0.0754306052851475,0.0606105937622444,0.0463887932134901,0.0342157525003578,0.0248740925230065,0.0182110802876133,0.0134731700896438,0.00996491249387842,0.00731666609173359,0.00532305954633232,0.00381492458801741,0.00269458684721462,0.00193617064293609,0.00148005559654229,0.00118074870725711,0.000897222350223643,0.000600876710802844,0.000352973880716484,0.000205526350963947,0.00015701114119884,0.000165300227571795,0.000174450774508067,0.000149369423083258,9.70736716682036e-05,4.70985451384939e-05,1.72676266088123e-05,5.89835201330757e-06,4.18090110835185e-06,9.70329809910984e-06,1.74456228720482e-05,2.43041047164058e-05,2.62334629914157e-05,2.19527530826659e-05,1.42259725785253e-05,7.14325627159918e-06,2.78357033646695e-06,8.38876514354992e-07,0,0,0,0,0,0,0,0,0
"Age_36",0,0,1.9710543050574e-06,2.00114531541678e-05,9.69608994389245e-05,0.000390057660041583,0.00127220079990731,0.00336119945431531,0.00735015260795763,0.0138112106922951,0.0232179023359114,0.0358521426261494,0.0512904307667397,0.0680982475929004,0.083999547428084,0.096040477461471,0.101328783936264,0.0987896250887654,0.0899257746227752,0.0773425929560527,0.063108491270123,0.04878279209872,0.0360096898921801,0.0260975148123554,0.0191799628359519,0.014406929679814,0.0109022620996276,0.00821865945932092,0.00613567624067032,0.00447698423103786,0.00314511326742011,0.00213714008534338,0.00145558335609676,0.00102912874275407,0.000736054174852493,0.000497606829485014,0.000310339864358778,0.000197754221951104,0.000162901777530395,0.000175609802504221,0.000184947727438616,0.000156558234772687,9.97520665588384e-05,4.70328966199456e-05,1.67688846111378e-05,6.02574510255581e-06,5.08262513441541e-06,1.06765753009298e-05,1.79001235877512e-05,2.39699431350683e-05,2.56431404412485e-05,2.19187839543637e-05,1.49555348204616e-05,8.15531835227754e-06,3.55089789795805e-06,1.2346962196253e-06,3.42627426890439e-07,0,0,0,0,0,0,0,0
"Age_37",0,0,2.5009488632536e-06,1.98134984845024e-05,9.07974102720743e-05,0.000355910651740604,0.0011496213454006,0.00303440707041243,0.00666498745424623,0.0126391239356076,0.0215506840466104,0.0339220061705156,0.049620978425263,0.0672669894578296,0.0842291891713709,0.0971144033728669,0.102878644581423,0.100484195312272,0.0914739795963127,0.0785204183776888,0.0638179750126419,0.0490769533689814,0.0360642258478181,0.0261183267451342,0.0193197066537841,0.0147101905319246,0.0112743465393754,0.00850171685458535,0.00625050202685043,0.00445960672317678,0.00305599625690666,0.00198456349474735,0.00122345412866389,0.00074476330214615,0.000474161276934592,0.00031823503220348,0.00021956558652353,0.000167523984205777,0.00016682746361719,0.000200465896317583,0.000223744116634429,0.000201188707037092,0.000140969917730417,7.83144310075357e-05,3.64228633931973e-05,1.62974593734347e-05,9.55362890313316e-06,1.20750966918663e-05,1.761830844748e-05,2.27059749879756e-05,2.41017185365475e-05,2.07932951800262e-05,1.45541985878075e-05,8.25608789773338e-06,3.80037825514023e-06,1.41832097141642e-06,4.2794264608325e-07,0,0,0,0,0,0,0,0
"Age_38",0,0,2.78914054672201e-06,1.85816217094695e-05,8.24158285692573e-05,0.000321372279153433,0.00104832886912087,0.00281472905232631,0.00631743102175808,0.0122706123616495,0.021358692453581,0.0339385709751474,0.0494824287683885,0.0665577892179237,0.0831371075642293,0.096332603077986,0.102864310655411,0.101220627356942,0.0928022113503025,0.0803340506623819,0.0659621127137249,0.0511358393347789,0.0373449693710715,0.0261017258087462,0.0181698039962254,0.0131569686309117,0.00997976524773775,0.00766980979837646,0.00577549649258939,0.004209408379797,0.00295552056701974,0.00197566367575477,0.00125318868255071,0.000780363890634656,0.000503088765948796,0.00033785973665625,0.000231158477518379,0.000174469813314509,0.000173044735698771,0.000208582504960456,0.000232930291042109,0.0002085215691019,0.000145949873522472,8.42250145387141e-05,4.75266625657911e-05,3.47582969800022e-05,3.42205158911568e-05,3.85932554407446e-05,4.07649149150009e-05,3.9053063082144e-05,3.34303698393911e-05,2.514883829153e-05,1.63026976556375e-05,8.94490553217776e-06,4.09931115011204e-06,1.55315805306191e-06,4.84381255833619e-07,0,0,0,0,0,0,0,0
"Age_39",0,0,2.68521685789806e-06,1.83385798444352e-05,8.08906589751456e-05,0.000311460175810734,0.00100212309239606,0.00266610236544721,0.00597269608745771,0.0116815110664542,0.0206428089984031,0.0334561885121361,0.0496805503533197,0.0675657275369075,0.0845529808127952,0.0975654069978813,0.103639539779244,0.101674505434057,0.0932121385584687,0.0808326421444229,0.0663818226715126,0.0511108608959831,0.0367304195605975,0.0252394890503253,0.0175409353459679,0.0128690838451512,0.00978245823545873,0.00735663519085395,0.00537484282863564,0.00384440898411132,0.00269447137754741,0.00182564363662988,0.00119143904881873,0.000769319124179048,0.000510655041032945,0.000349909335529402,0.000244282802945561,0.000186882020066982,0.000183673733989644,0.000217724312132255,0.00024117551448746,0.000215701550627816,0.000151336018268409,8.75909247081829e-05,4.94672523090596e-05,3.62514384225324e-05,3.59096753869462e-05,4.07041308686369e-05,4.30923481224836e-05,4.12877594875756e-05,3.53006904662029e-05,2.64671346994328e-05,1.70381670425505e-05,9.24322524330816e-06,4.16589812488805e-06,1.54568809651572e-06,4.6917129021646e-07,0,0,0,0,0,0,0,0
"Age_40",0,0,2.99241242909877e-06,1.80060053477186e-05,7.44387741734601e-05,0.000276634146372362,0.000890486043335292,0.00243440510119976,0.00566177771111031,0.0114033881828892,0.0203335982457778,0.0326259272937623,0.0475938248720233,0.0638233048374431,0.0796508612421184,0.09300041510612,0.101144878149863,0.101934033543211,0.0954132804119804,0.083604891629766,0.0688901955903167,0.0532222765754339,0.0385398313131652,0.0267445150216465,0.0186953279874416,0.0137173847183236,0.0104564939933561,0.00798389734079894,0.00602323931460667,0.0045165892008451,0.00334537195347246,0.00239213026835276,0.001625393308383,0.00105433983483944,0.000665435694585136,0.000417952401744847,0.0002703217614625,0.000199235095690788,0.000193212979893529,0.000226019063603753,0.000248289678757632,0.000222706487487692,0.000158301427365269,9.30042194665467e-05,5.21598858104504e-05,3.57136856693344e-05,3.09512909143183e-05,3.00963181663039e-05,2.56376473680373e-05,1.82801213114792e-05,1.07291545338971e-05,5.15482413979021e-06,2.01981475067241e-06,6.48317374484432e-07,0,0,0,0,0,0,0,0,0,0,0
"Age_41",0,0,2.69600282534899e-06,9.21615478000808e-06,7.12379979278391e-05,0.000272264282248922,0.0008957866054982,0.00248355937190039,0.00584064927671769,0.0118168861744729,0.02101408663022,0.0333912634282651,0.0480756851718638,0.0636712876692801,0.0786720157172624,0.0911311166508468,0.0984503918062774,0.0987168980819009,0.0923097272151941,0.0815717447939397,0.0687233498849902,0.0549913303077555,0.0414955615594252,0.0298467760409615,0.021213082330428,0.0153589865669252,0.0112332911578771,0.00810857898225461,0.00582082530724602,0.00426847222967123,0.00319359924445433,0.00236140143991525,0.00168704793834729,0.00115795773894816,0.000757095427050028,0.000464365218669904,0.000267067308730652,0.00014840358100178,8.53159665498815e-05,5.51202664651166e-05,4.78444463562017e-05,4.63922373199195e-05,4.3795885820784e-05,3.84066799911165e-05,3.3213757454395e-05,3.11108097747142e-05,3.1327552167086e-05,3.04071165537608e-05,2.59080813024532e-05,1.85148517828215e-05,1.09075948924719e-05,5.27230556984818e-06,2.08288052555419e-06,6.74271400552183e-07,0,0,0,0,0,0,0,0,0,0,0
"Age_42",0,0,2.53329316062283e-06,8.81875559693562e-06,7.41667482753374e-05,0.000274961582777407,0.000873909483708658,0.00236866941386551,0.00551974819426591,0.0112489597802558,0.0203562662630304,0.0329700964866127,0.0480903075090353,0.0638044005487127,0.0780743243987794,0.089096379473643,0.0952175523417321,0.09546052842767,0.0903022842272229,0.0813576013870003,0.0700159839487704,0.0569874923955093,0.0433414553022915,0.0310506404750787,0.0218156908624268,0.015740956412744,0.0117119080631895,0.00872281419285815,0.00644260967351882,0.00482719624119192,0.00372972913710988,0.00293240609669768,0.00229000762748979,0.00174028425742012,0.00126336842996795,0.00085999922659742,0.000536835258231858,0.000299569673217631,0.000149724955773868,7.55146812934779e-05,5.03465171467105e-05,4.26215756966488e-05,4.28643201009477e-05,3.82842495284565e-05,3.3238102888872e-05,3.11990609756935e-05,3.15129568419191e-05,3.06536818878446e-05,2.61117502379439e-05,1.86105269652766e-05,1.09156286698505e-05,5.23939283587215e-06,2.05006235981978e-06,6.56947140277197e-07,0,0,0,0,0,0,0,0,0,0,0
"Age_43",0,0,1.7335906036406e-06,6.13202393683985e-06,5.94620197887182e-05,0.000234198238409158,0.00078283524697148,0.00220442025777361,0.00527343201154008,0.0109103017997773,0.0198815294752797,0.0323315094095474,0.0473936259694758,0.0634156495503157,0.0785435866292149,0.0907778563435071,0.0978269552708278,0.098092671564443,0.0920747378907905,0.0819541990652723,0.0696411831124174,0.0560562426990617,0.0422716565882355,0.030143159547947,0.0211610673247261,0.015255871533589,0.0112708657406856,0.00825956349741126,0.0059603327555424,0.00437370988420705,0.00336874267494531,0.00270783848093968,0.0021978357759998,0.00173641430810347,0.00129571292306624,0.000893890103688634,0.000558957912471961,0.00030978821345234,0.000152871854250359,7.60873218911949e-05,5.06113347194025e-05,4.34019646539367e-05,4.36028375773402e-05,3.91569136501772e-05,3.41802669051165e-05,3.20534898508543e-05,3.21733445020288e-05,3.11571117037757e-05,2.65564353174753e-05,1.90404297465475e-05,1.13139055122857e-05,5.64482515901268e-06,2.77667184098603e-06,2.5776986277666e-06,5.04468365839995e-06,1.03919772137994e-05,1.80878795353215e-05,2.58862041307914e-05,3.03568488334147e-05,2.91645677033605e-05,2.29635113439412e-05,1.48124163717712e-05,7.82423015377408e-06,3.38934128033227e-06,1.20249990148665e-06
"Age_44",0,0,1.94454744305679e-06,6.59349984428693e-06,3.88147917945958e-05,0.000146777805885921,0.00050144576715142,0.00149763200758754,0.00386778112055868,0.00867485683835131,0.0170356667269415,0.0295083777826438,0.0454558522706346,0.0629973253834338,0.0795773225588008,0.0924542154143151,0.0991481576894504,0.0985406392557688,0.0918104852645963,0.0815534432614993,0.0697016056289909,0.056879475708733,0.0437616543738602,0.0319357574506535,0.0228400135428421,0.0165208416475257,0.0120005594598177,0.00848575507665526,0.00583511550778085,0.00413585903202919,0.00325959377301809,0.00284363423133872,0.00251394282024964,0.00207358137613736,0.00153852006904436,0.00102599121346106,0.000621508740518805,0.000343719621958555,0.00017730768780145,9.50663300904473e-05,6.38793998873985e-05,5.15641773917506e-05,4.83856500744623e-05,4.23686281546801e-05,3.67557194817168e-05,3.41483587341408e-05,3.37467062970788e-05,3.23281841303507e-05,2.75680553393935e-05,2.00154930177132e-05,1.21778093361586e-05,6.30909575513076e-06,3.27381652994049e-06,3.06128022937657e-06,5.67982790812066e-06,1.12434876779995e-05,1.90543890740758e-05,2.68067258579708e-05,3.12084034686499e-05,3.0049397711072e-05,2.39201304578557e-05,1.57484336482625e-05,8.57583336257546e-06,3.85980284927179e-06,1.43591441670577e-06
"Age_45",0,0,9.63696288765385e-07,3.57218766787805e-06,2.84063657712384e-05,0.000120165941864968,0.000444296488448445,0.00140338930205585,0.00377376998056253,0.00869164551981921,0.0173357574910235,0.0302862223402158,0.0468943894982851,0.0651557402413378,0.0821723577403862,0.0948612958956981,0.100743640694341,0.0989555990163743,0.0909560173221,0.0797736770125725,0.0678218970219619,0.055682050575489,0.0433429756385759,0.0317908455483579,0.0224969671507267,0.0159007838127141,0.0112614772602948,0.00775109041737419,0.00512755447320731,0.00346842573081689,0.00269087753043826,0.00243698719605851,0.00227888917747501,0.0019649152946519,0.00149846942194663,0.00101542363686082,0.000621496500042444,0.000346577352074418,0.00018047397269882,9.79283580117646e-05,6.62252027286162e-05,5.36118065526888e-05,5.03285359884673e-05,4.46756241914616e-05,3.93084173501981e-05,3.63875829490628e-05,3.52887266152794e-05,3.33067780385005e-05,2.84127241837168e-05,2.09980564474265e-05,1.32318478648688e-05,7.23878418182975e-06,4.04392171187305e-06,3.82565843762491e-06,6.60718501412877e-06,1.23087972147971e-05,2.00350375230794e-05,2.74992374268325e-05,3.16678509022896e-05,3.05671511130197e-05,2.47320024717988e-05,1.67783293196101e-05,9.54293004688769e-06,4.54882357521778e-06,1.81618356014398e-06
"Age_46",0,0,9.73129581257639e-07,3.63252472945635e-06,3.1861320829884e-05,0.000136172545049252,0.000503325722286427,0.00156629165417875,0.00411255505395188,0.00921604937885638,0.0179333307644583,0.0307813273250469,0.047224436767177,0.0654631577032912,0.0826446804985411,0.0953944178780808,0.10086160499277,0.0981306920830198,0.089146365040408,0.07747461399092,0.0657331004072999,0.0542995591407348,0.0427985075247935,0.0319423484698702,0.0230914806373875,0.0166788583829717,0.0120119135780505,0.00835664017911759,0.00558400703900348,0.00381854327654095,0.00295718108512141,0.00261785817718354,0.00239037749825876,0.00205301970947238,0.00161490001872846,0.00118330080820925,0.000817619169651346,0.00051878039969015,0.000287973772694841,0.000135586412510188,5.46276550305428e-05,2.06710982485999e-05,8.29665977167739e-06,1.03179941002148e-05,1.6309633689141e-05,2.42840542248909e-05,3.09888999018636e-05,3.32376488366902e-05,2.98613782413831e-05,2.24679891579531e-05,1.42021504547821e-05,7.73598565138654e-06,4.28837830139684e-06,4.05591241582492e-06,7.0684280110054e-06,1.32650488146925e-05,2.16980212938069e-05,2.98744664531162e-05,3.44469251366115e-05,3.32369711929751e-05,2.68399481327452e-05,1.81420765509169e-05,1.0262016732017e-05,4.85525812212047e-06,1.92134106721822e-06
"Age_47",0,0,1.459449911552e-06,5.01471004574689e-06,3.95894041054349e-05,0.000156217593575091,0.000539898641965102,0.00160036384658394,0.00406636478176238,0.00894649358798755,0.0172493608829307,0.0295341446219709,0.0453903700688841,0.0631441978884253,0.0800181586267109,0.0927885817046494,0.0988814526036072,0.0974774020764867,0.0900517859571717,0.0794502340851018,0.0679469171549686,0.0562475302900568,0.0444845575582209,0.033491163451161,0.0244341446192436,0.0176640409032094,0.0126243333806102,0.00871648658103959,0.00580742825249852,0.00395977415341508,0.00302757414965201,0.00263113872407027,0.00237283713578506,0.00203394834668499,0.00160974554309638,0.00119105665288053,0.000834960576921846,0.000547596402617678,0.000330152034076945,0.000187870380552199,0.000110426701331074,7.21848423065414e-05,4.72944804105927e-05,3.24267869195354e-05,1.92068877241289e-05,9.74669473447777e-06,4.21672670956487e-06,1.55236451894871e-06,4.90939047647124e-07,1.56690001502408e-07,1.4805127222182e-07,4.38139965790591e-07,1.3333038956147e-06,3.47806521378101e-06,7.695847116848e-06,1.44398918294784e-05,2.29623192756685e-05,3.09342631203669e-05,3.53114765588005e-05,3.41602660714861e-05,2.80069453830978e-05,1.94578017226261e-05,1.14533563570501e-05,5.71313964883653e-06,2.41719622696316e-06
"Age_48",0,0,1.11611698041225e-06,3.95121114448527e-06,3.60127595031624e-05,0.000149308468449194,0.000532812569406671,0.00160512422027184,0.00409493843143246,0.0089537092381642,0.0170763376041345,0.0289351038605375,0.0442447715325947,0.0617580424539241,0.079075887021826,0.0928520086505247,0.0998149595076285,0.0985187241651658,0.0903780160646168,0.0788363365405926,0.0668733568968822,0.0554365763728396,0.0443292548715498,0.0338775779030812,0.025016150024754,0.0182343157575102,0.0132199250642994,0.00942476163842413,0.00656803734782526,0.00459098652086526,0.00340610517252076,0.0027776602688741,0.00238560549752074,0.00199518100857953,0.00155723315516101,0.00113850196723323,0.000789181458610299,0.000512378020881418,0.000306704640645058,0.000175329695956951,0.000105807410734001,7.16934803581269e-05,4.83616565883762e-05,3.30018329321772e-05,1.92480718437412e-05,9.535816386097e-06,3.99890910398979e-06,1.41845552228195e-06,4.28789349338583e-07,1.29400632741012e-07,1.23271974442691e-07,3.87363868573966e-07,1.23232582807598e-06,3.33539248890018e-06,7.61396931071358e-06,1.46311139507621e-05,2.36685015453122e-05,3.22437231418164e-05,3.69971481128857e-05,3.57519244926212e-05,2.90919264843929e-05,1.99316819982441e-05,1.15033339617742e-05,5.59194368338067e-06,2.28885479565994e-06
"Age_49",0,0,0,2.70810444224331e-05,0.000105310953183469,0.000330913357608797,0.000878824661910962,0.00207133327196524,0.00448270185449156,0.00900788849055684,0.0167158230966979,0.0284476572037357,0.044224364191016,0.0628194887038185,0.0815017107171187,0.0962628201791599,0.103168665580541,0.100571322916049,0.0906080192789737,0.0776693540412478,0.0650921624998861,0.0534514515225685,0.0422112331493868,0.0317812709150824,0.023247679365583,0.0170319873999437,0.0126201662606924,0.00929257488524234,0.00666979633910259,0.00471359986628204,0.00344730771148062,0.00272826419059554,0.00227613339155714,0.00186363256933079,0.00143939791695916,0.00105496579784658,0.000738320777399663,0.000480855241067216,0.000286039767961727,0.000164061864164213,0.00010279639750656,7.27608929232709e-05,5.02097405739323e-05,3.25335456347099e-05,1.75169917801395e-05,7.78938425990177e-06,2.84806329839943e-06,8.53301403376408e-07,2.10455572170032e-07,4.93771899188777e-08,4.82300930647116e-08,1.97757784627078e-07,7.6752129242274e-07,2.45257513356865e-06,6.41717479653099e-06,1.37335828766532e-05,2.40530873457919e-05,3.44974383087948e-05,4.04986131954773e-05,3.88930998686978e-05,3.05826447230723e-05,1.96898548663039e-05,1.03725352091066e-05,4.46875633730553e-06,1.57800339544162e-06
"Age_50",0,0,0,2.60289707681822e-05,0.000111031970714311,0.000376050128246175,0.00104055257847223,0.00244619873596914,0.00507570250893825,0.00960608160718913,0.0169318682917161,0.0280169320984505,0.0433265454743412,0.0619968043432458,0.0812185702235432,0.0966858347771446,0.104341699635339,0.102436875213828,0.0926384312653263,0.0789836560783209,0.065120169908625,0.0523665710719189,0.0406733225259605,0.0303910013927442,0.0222371650175324,0.0163789708862504,0.012291483260698,0.00927901595274133,0.00687090691281861,0.00495045810625536,0.00357490075609986,0.00269518270889461,0.00210034346088643,0.00160989124452077,0.00119736768110477,0.000892151033761777,0.000660835172462586,0.000453814316999738,0.000277861839248886,0.000162558988049253,0.000104917434099971,7.68121112195278e-05,5.48353307032928e-05,3.60682299038352e-05,1.98537707555865e-05,9.09805264955062e-06,3.45578371201642e-06,1.08658353875649e-06,2.83483086193699e-07,7.12481341805066e-08,6.9473709882413e-08,2.64898451932548e-07,9.72180115528146e-07,2.95868380604285e-06,7.43648284562689e-06,1.54398329582507e-05,2.64518492315621e-05,3.73822277292447e-05,4.35938700274207e-05,4.1958103542634e-05,3.33145554055858e-05,2.18287734298744e-05,1.18059261683375e-05,5.26778335068482e-06,1.93719229871155e-06
"Age_51",0,0,0,1.92629753896302e-05,9.30506909875117e-05,0.000358586051990537,0.00107193368597574,0.0026393652569843,0.00553305301069227,0.0102046671617864,0.0171957155547003,0.0273242318676034,0.0415443839710059,0.0598372434441136,0.0798677096941803,0.0968850308525367,0.105957376960742,0.104779545543255,0.0947120432757621,0.0798433854238525,0.0644323949681739,0.0507497167544283,0.0392492921683811,0.0299338922945088,0.0227466682992713,0.0173595140894619,0.0132567126872992,0.00998290778517564,0.0072460748197252,0.00500761549308169,0.00337190209965604,0.00233088661610924,0.00169829368414506,0.00127710610951015,0.000964209032289845,0.000719745805085969,0.000518313891652931,0.000348753992139576,0.000220060370920497,0.000141581974133012,0.0001028196272254,8.05131677644214e-05,5.86550311991113e-05,3.75695046031379e-05,1.98518392682395e-05,8.59739404286154e-06,3.04876886722702e-06,8.80069899946215e-07,2.07978419376035e-07,4.60807973428539e-08,4.53091941850598e-08,1.97273174658004e-07,7.99212252470577e-07,2.6520406684078e-06,7.15286272154986e-06,1.56721071062499e-05,2.79468467533048e-05,4.05262203239559e-05,4.78108454041198e-05,4.58780098533231e-05,3.58139403662607e-05,2.27312961363308e-05,1.17380927577238e-05,4.93106837572592e-06,1.68705611768401e-06
"Age_52",0,0,0,1.79918249855527e-05,9.29922669957358e-05,0.000352266005381799,0.0010634941192864,0.00264673252043325,0.00561455629506094,0.0104924433374005,0.0178793039095777,0.0286074173825352,0.0435666757035047,0.062553168579275,0.0827653514732694,0.0989924452309336,0.106496957252309,0.103832271701943,0.0929657628185544,0.0779876287433464,0.0629248652924297,0.0498095054222754,0.0387767804429315,0.0295968510631531,0.0222510744348235,0.0166022144451194,0.0123285972561302,0.00910202215124776,0.0066012131901342,0.00463535558787408,0.00318619786407488,0.00223240491357776,0.00163257507346471,0.00122653398149183,0.000928345251145754,0.000699443052475715,0.000510099207463286,0.000346809629516407,0.000219805666036778,0.00014106450628409,0.000102046621414188,8.03340899124263e-05,5.98665921439545e-05,3.99330910623892e-05,2.24615345450273e-05,1.05966275832477e-05,4.17063000822678e-06,1.37321688794208e-06,0,0,0,0,0,0,0,0,0,0,0,0,0,0,0,0,0
"Age_53",0,0,0,1.97500440934588e-05,9.65338860032199e-05,0.000367567956740514,0.00111485020211616,0.00278668252760735,0.00592348916863706,0.0110342496195745,0.0185777347665415,0.0291261016617064,0.043409970059846,0.0614469300284252,0.081046468312137,0.0975615816726487,0.106247925865793,0.104982493061516,0.094931580489554,0.0798251824613082,0.0638304144400907,0.049442067801585,0.0374281716105777,0.0280212674135643,0.0211215409651686,0.0161366157568029,0.0124037222664065,0.00951807514017372,0.00715935090311964,0.00513353478261039,0.00348290836318056,0.00230099882037064,0.00154430720482394,0.00109307703990089,0.000829964446389349,0.000649488091888162,0.000483515867232557,0.000322693210086508,0.000193906415337008,0.00011789989703084,8.56915961072767e-05,7.10253979526444e-05,5.54680455636271e-05,3.80651177075978e-05,2.16532047766368e-05,1.02087558772684e-05,3.98442623742722e-06,1.29123518984311e-06,0,0,0,0,0,0,0,0,0,0,0,0,0,0,0,0,0
"Age_54",0,0,0,2.34309217665599e-05,0.00011183723401398,0.000419685075097677,0.00126229138909471,0.00311915549165914,0.00652621960979001,0.0119210604174131,0.0196425706763445,0.0300146155003551,0.043444442354102,0.060036448284105,0.0784003111417375,0.0946562834009446,0.103994210948446,0.103864359006788,0.0951718171557752,0.0811418340398452,0.0653925458272917,0.0506128800205586,0.0382895344631442,0.0288738468937308,0.0218723945412028,0.0164720180961432,0.0122605702784054,0.00914294935649846,0.00683765287756986,0.00498261948905723,0.00346324195393422,0.00233495338588934,0.00158788297774769,0.00113381204787644,0.000864989269013592,0.000677612159306031,0.000504312534694595,0.000336510901255784,0.000201723180773566,0.000120900597358905,8.54724706530162e-05,6.96687347012589e-05,5.44339519348066e-05,3.79880041828708e-05,2.21760484483531e-05,1.0820251134554e-05,4.41199175089355e-06,1.50504846333558e-06,0,0,0,0,0,0,0,0,0,0,0,0,0,0,0,0,0
"Age_55",0,0,1.17177593755389e-06,2.60888333415224e-05,0.00012071877083297,0.000443082561115687,0.00130289772339046,0.00313791080808064,0.00638979689115444,0.0114414457718194,0.0187119863574313,0.0286719400542703,0.0417090387140639,0.057948228877234,0.0764053504942179,0.0937194407280063,0.104845758659807,0.106177589835446,0.0978738875335493,0.0832714882360708,0.0665766221045304,0.0509849335513608,0.0382443312447415,0.028817505138878,0.022006648673476,0.0167498374947477,0.0125699196931202,0.00940375687476174,0.00698560540567261,0.00499248388286404,0.00339260258724399,0.0022658732896866,0.00155028149728055,0.00109743808407793,0.000779812978651373,0.000518094523465835,0.00029935572576166,0.000152159266791746,8.3850425069931e-05,6.640154830646e-05,6.50557749158792e-05,6.36091323136146e-05,5.3698941617409e-05,3.86900871072522e-05,2.37186415926875e-05,1.23581565780368e-05,5.47468581690651e-06,2.05796379917677e-06,0,0,0,0,0,0,0,0,0,0,0,0,0,0,0,0,0
"Age_56",0,0,4.80267711489459e-06,2.85459107386182e-05,0.000134425285941259,0.000498530836946886,0.00146337714719658,0.00346556184465601,0.00680027290542408,0.0115734850413985,0.0181268798583694,0.0273647709194452,0.0403900620744032,0.0576806765150595,0.0779668397150568,0.0969843128874119,0.108745488219838,0.109307641254649,0.0992010390982479,0.0824920437727416,0.0643564066855141,0.0484209342165973,0.0360818410094188,0.027222915663602,0.0208298475601564,0.0158358967663981,0.0119885522082229,0.00928668407805082,0.007238709850654,0.00536920884357916,0.00374275018569262,0.00256393511302868,0.00177962491454911,0.00123736245506211,0.000842949854065721,0.000530504672316683,0.000280587677372038,0.000116573175630727,3.78929131678459e-05,6.06527797885758e-06,2.00091430296422e-06,0,0,0,0,0,0,0,0,0,0,0,0,0,0,0,0,0,0,0,0,0,0,0,0
"Age_57",0,0,5.1959994925018e-06,2.89059802078224e-05,0.00013386376280281,0.000496962433257257,0.00146836262933713,0.00348590736976125,0.00682953205221571,0.0115812805874597,0.018138569878963,0.0275446215774439,0.0409273295710458,0.0584917811255395,0.0785316227191263,0.0968265650560027,0.108120063634868,0.109069159124566,0.0998318616971779,0.083647876264905,0.0652713590860423,0.048701380762587,0.0360632665510967,0.0274770311430385,0.0214551833252362,0.0163573368573743,0.0118282754158161,0.00829894432026351,0.00582209662296939,0.00407276979998872,0.0028380628629679,0.00202295622659279,0.00150375276492759,0.00116123910823072,0.000885777008633022,0.000595956900225065,0.000316558388088502,0.000125512088484216,3.73852277320593e-05,4.30539032675168e-06,1.38868520614596e-06,0,0,0,0,0,0,0,0,0,0,0,0,0,0,0,0,0,0,0,0,0,0,0,0
"Age_58",0,0,2.47397852331509e-06,2.68453584702124e-05,0.000115853100260961,0.000418533616313447,0.00126411187644178,0.00317331632541833,0.00663581554719532,0.0118304341374397,0.0189227060892692,0.0285752590682047,0.0417959561570935,0.0588930991258144,0.0780616067568442,0.0950818314024005,0.105410573992343,0.106630839701334,0.0990077548096892,0.084847090679278,0.0677759135869033,0.0514052940368945,0.038089018283041,0.0284320870812623,0.0215519950930574,0.0160742362227491,0.0114220028327885,0.00780110589540146,0.00524885128676615,0.00345592247335845,0.00224209676324554,0.00156322385790902,0.00124585776173298,0.00106160892926372,0.000861942648115466,0.000593593615409384,0.00031577850130933,0.000123932547948342,3.62402552084265e-05,3.92571174610356e-06,1.27089355509745e-06,0,0,0,0,0,0,0,0,0,0,0,0,0,0,0,0,0,0,0,0,0,0,0,0
"Age_59",0,0,1.41123989494157e-06,2.0028491548152e-05,9.1451701261255e-05,0.000334936833416843,0.00100945355717645,0.00256173474991766,0.0055093740856558,0.010266487762092,0.0172941306300933,0.0273365187957207,0.0410098332624821,0.0583423313402137,0.078072342674678,0.0964805099500799,0.108100499238014,0.109327316165887,0.100835815993337,0.0861698793259039,0.0690208918286989,0.0522752508001371,0.0382328554788329,0.0279735234395282,0.0208258980771517,0.0153457459986777,0.0108025700329604,0.0072421694722445,0.00470065648780389,0.00298491260220829,0.00195018673735357,0.00145856759206709,0.00125562816610619,0.0011147722770647,0.000920338825414285,0.000633669785831078,0.000331153135953092,0.000125982762025578,3.54501069763712e-05,4.45123842423031e-06,1.26935716660941e-06,0,0,0,0,0,0,0,0,0,0,0,0,0,0,0,0,0,0,0,0,0,0,0,0
"Age_60",0,0,1.38823450233621e-06,2.2932655948841e-05,0.000107737469501462,0.000383366056624142,0.00106879136654789,0.00248143790757243,0.0050679802216891,0.00950292373791681,0.0167783756074941,0.0278792221063708,0.0429154572896789,0.0609674665846064,0.0804131981429978,0.0980874275555647,0.108933343957371,0.108987424145648,0.0989943158629972,0.0838033128727264,0.0678073750116705,0.05283315782985,0.0396849328842643,0.029023802547889,0.0207170869634716,0.0141200978522311,0.00910329595864717,0.0058641581948274,0.00404098143168147,0.00295406586154255,0.00226495118387902,0.00181933230638191,0.00140090462871968,0.000941223893457248,0.000548412500570324,0.000284007554629171,0.000127963913367532,4.85408670008026e-05,1.56377133578226e-05,3.96912680314744e-06,0,0,0,0,0,0,0,0,0,0,0,0,0,0,0,0,0,0,0,0,0,0,0,0,0
"Age_61",0,0,1.42692405813095e-06,2.89130710746611e-05,0.000136100942862608,0.000481520666338983,0.00132810451846108,0.00300878402389665,0.00589042719931456,0.0104655346825377,0.0176131309087927,0.028390564267509,0.0428513166516136,0.0598249477552356,0.0778578412790323,0.0946833685732198,0.105973699391434,0.107381980716422,0.0987877554668086,0.0846982198655957,0.0694241970043589,0.0545478614060287,0.0409417785190313,0.0298014015841975,0.0212863079366113,0.0145866523900619,0.00943631841246648,0.00606722553387543,0.0041567935339241,0.00301621424071523,0.00228798396497191,0.00181071770349164,0.00137387157450346,0.000909097086020616,0.000518531302096728,0.000261000117861952,0.000113667104808831,4.12959738521459e-05,1.25972282632559e-05,2.85047865145062e-06,0,0,0,0,0,0,0,0,0,0,0,0,0,0,0,0,0,0,0,0,0,0,0,0,0
"Age_62",0,3.2805765304776e-06,1.75533514882585e-05,7.23055354315923e-05,0.0002379898654512,0.000657182649377535,0.00157165519019889,0.0033231023812792,0.00632757263370473,0.0111248459232351,0.0185692053808394,0.0296483554286876,0.0444258156607881,0.0616637491505207,0.0794804871050927,0.0952531800618153,0.105255571566804,0.106084219669239,0.0975383528585682,0.0833917378101802,0.0680303404674659,0.053684638220127,0.0411075452485381,0.0305358266907213,0.0216806421044398,0.0143372641290173,0.00886769286871588,0.00547283298060502,0.0036035438957002,0.00251384197319478,0.00181844764238124,0.00134481716410905,0.000960172531500936,0.000633305256649708,0.000388890665188936,0.000217287630779095,0.000102184206202957,3.87059021905199e-05,1.21681557860762e-05,2.87299912381449e-06,8.16468329735969e-07,0,0,0,0,0,0,0,0,0,0,0,0,0,0,0,0,0,0,0,0,0,0,0,0
"Age_63",0,3.74754587492101e-06,2.22370515507422e-05,9.8702727398449e-05,0.00033499450803455,0.000900946974647452,0.00200501711738512,0.00390005453331405,0.00697725182917186,0.0118302107429205,0.0192252887852334,0.0299970279064721,0.0444043934480837,0.0614154750021356,0.0789432332087609,0.0945082137032796,0.104888342129371,0.106406249912335,0.0981892670565071,0.0839411140103536,0.0682492916175031,0.0534758972836823,0.0405510564426092,0.029840182450623,0.0210385121004143,0.0138133276294128,0.00840818255180142,0.00506079650951404,0.00331809332462547,0.00241278043621207,0.00186254962326075,0.00143825923775209,0.00102405392311367,0.000649497815049486,0.000379698693093596,0.000205473600619905,9.8532249364706e-05,4.69023598001974e-05,3.16001436512059e-05,2.91441447812921e-05,2.7458528150874e-05,2.16049239164388e-05,1.39012156493731e-05,7.27507474871326e-06,3.09261553406824e-06,1.06731228643572e-06,0,0,0,0,0,0,0,0,0,0,0,0,0,0,0,0,0,0,0
"Age_64",1.15403868495935e-05,4.34658870973822e-05,0.00012237602571564,0.000283349812140207,0.000609168128001399,0.00125693953789869,0.00243160048070048,0.00437876231596786,0.00749185916243432,0.0124123792039077,0.0199011809108594,0.0305734282069634,0.0445805838231755,0.061146909383123,0.0783791293375106,0.0936663247727637,0.10381736559563,0.105440957962023,0.0976783711906968,0.0839247136049393,0.0685875148242581,0.0540702717571249,0.0412357844786229,0.0302502807482056,0.0209126961929403,0.0132562696807789,0.0077654609329699,0.00459723412464952,0.00307060998090293,0.0022908348703352,0.00179329541077005,0.00140723075578214,0.00103004413399149,0.000675811693223479,0.000405578256210626,0.000220277555520473,0.00010327114865438,4.68942855666614e-05,3.07700517136094e-05,2.87429802912929e-05,2.71578861831646e-05,2.09576132126854e-05,1.29489137497159e-05,6.37712665930055e-06,2.49928151889662e-06,7.79587766079624e-07,0,0,0,0,0,0,0,0,0,0,0,0,0,0,0,0,0,0,0
"Age_65",1.4987719383589e-05,5.22458218603284e-05,0.000138792162975667,0.00031153457717849,0.000642260051160403,0.00126053297153051,0.00237551583943542,0.00436058193279925,0.00786325268820906,0.0136647682187322,0.022271979854224,0.033699264197036,0.04756476726478,0.0630214583963897,0.0786292282078967,0.0923353236147448,0.10123395906438,0.102227924644486,0.0946914382320311,0.0817247167180451,0.0672620197745336,0.053547978146788,0.0413253398245955,0.0306680322245246,0.0215098122232611,0.0140185194241991,0.00853901717208178,0.00508405611795598,0.00312886359759412,0.002042403630933,0.00143491064025433,0.00106662028996555,0.000781616190870018,0.000548896610694522,0.000373399865330102,0.000234782988512411,0.000129349890869787,6.79362540952129e-05,4.32818182200185e-05,3.44753870116042e-05,2.95821125648998e-05,2.1769317037905e-05,1.31449999766707e-05,6.39723763192261e-06,2.48913582160442e-06,7.72947398681385e-07,0,0,0,0,0,0,0,0,0,0,0,0,0,0,0,0,0,0,0
"Age_66",1.58278736706635e-05,5.38359331785268e-05,0.000144290152521696,0.000324615211255378,0.00067506306780283,0.00134413806899188,0.00256952311950862,0.00474640218736621,0.00851492638338701,0.0146044463896484,0.0234533317810322,0.035010579355979,0.0489306767208569,0.0643883246256488,0.0798060166061585,0.0929148827790742,0.100882047725051,0.101000001182852,0.0930018872852107,0.0800223499821156,0.0659567462569944,0.0527605118180376,0.0407377019838405,0.0299624671947854,0.0207892262859911,0.0135913950894049,0.00849965841293478,0.005279201325922,0.00337027528101461,0.00223027200488835,0.00154347559874979,0.00109841827195079,0.0007358499144829,0.000431965075944583,0.00022726385113096,0.000117808082975906,6.69366131901286e-05,4.54240636217148e-05,3.89850329760748e-05,3.64393030854962e-05,3.15500657487642e-05,2.29099607819767e-05,1.33594392854421e-05,6.14769831814396e-06,2.21919082598781e-06,6.25751807606486e-07,0,0,0,0,0,0,0,0,0,0,0,0,0,0,0,0,0,0,0
"Age_67",1.71534171439321e-05,5.78281401372526e-05,0.000153470855265886,0.000342131622068016,0.000705683912583189,0.00140761197967986,0.00273604296703556,0.00513554781663541,0.00917951338139242,0.0153830030773181,0.0240154093302539,0.0351522153890645,0.0487730796709467,0.0643974378653581,0.0804419258432752,0.0941638594655323,0.102161185558372,0.101622711185455,0.0925002836649554,0.0783925571893993,0.0636812648985795,0.0506349753471112,0.0394109626557158,0.0295861099049483,0.021034888950585,0.0140054381275537,0.00879375113482374,0.0053807694749179,0.00335326994559741,0.00222683142283142,0.0016423904890796,0.00128901531435282,0.00094118153244254,0.000578694565058731,0.000297925486728223,0.000140041197999494,7.05980217558612e-05,4.3875760588698e-05,3.81062460396572e-05,3.59267195533952e-05,3.1191439333635e-05,2.25583224855286e-05,1.30225646114201e-05,5.90074547893952e-06,2.0849984360041e-06,5.7240151961984e-07,0,0,0,0,0,0,0,0,0,0,0,0,0,0,0,0,0,0,0
"Age_68",1.94019953072283e-05,6.35306975958321e-05,0.000166272672461402,0.000369015432063037,0.000761617472009199,0.00151952004151779,0.00294217371453564,0.00546330610788413,0.00960211598768685,0.01582495722059,0.0244503812713288,0.0357533628095362,0.0498881725399997,0.0661588076361627,0.0823502191591694,0.0952558221711562,0.101756568220811,0.0998083292805664,0.0898887817559323,0.0756733644586724,0.0615263628829689,0.0495834433344475,0.0395159244040744,0.0303178287091893,0.0217305852518545,0.0143617461130498,0.00890948618946742,0.00544423699177557,0.00344453284394303,0.00233196135048918,0.00172112649911671,0.00132179556382786,0.000932296277183986,0.000544747834818523,0.000257818286968182,0.000107934931268739,5.18526044780897e-05,3.52761663053444e-05,3.52070754176225e-05,3.49729215498041e-05,3.07983989534487e-05,2.24476001539418e-05,1.30934959662113e-05,6.02140095106564e-06,2.17088420670446e-06,6.11342588251098e-07,0,0,0,0,0,0,0,0,0,0,0,0,0,0,0,0,0,0,0
"Age_69",2.32432882049985e-05,7.32822175331025e-05,0.000187090369246066,0.000408339584709379,0.000835076913898827,0.00168265593488508,0.0033474510807581,0.006354184822734,0.011100285513022,0.0176776424580582,0.02606061546393,0.0365781860943627,0.0497555349324329,0.0652239583985588,0.0808704410888521,0.0935491459313534,0.100281730946865,0.0990791848322507,0.0900809171992548,0.0763649258895041,0.0620562522672733,0.0496192313564582,0.0391960632265878,0.0299831781024025,0.0216063425478801,0.0144381900306363,0.00903220189760657,0.00546418799680601,0.00329539767315638,0.00201870118534474,0.00129803948407797,0.000899287152998513,0.000627332889663461,0.000392261669698298,0.000207648125365126,9.85238902749511e-05,5.16626802420077e-05,3.57944404002726e-05,3.53611560958389e-05,3.49637052845673e-05,3.07682548025471e-05,2.24887805032889e-05,1.32053313913463e-05,6.13759559247185e-06,2.2428945366119e-06,6.42704506342847e-07,0,0,0,0,0,0,0,0,0,0,0,0,0,0,0,0,0,0,0
"Age_70",2.47948978735104e-05,7.8845957809244e-05,0.000203181014483547,0.000448412750098717,0.000920608758040706,0.001825189132131,0.00350783839870533,0.00642587442598558,0.010981151322296,0.0173701560720819,0.0257258644070029,0.0365122700619033,0.0502421775487971,0.0662699470825356,0.0820779023556321,0.0943817088036859,0.100491460299918,0.0988606636665043,0.0897459472251386,0.0758982311407273,0.0613197265501651,0.0488138398732216,0.0385955302719907,0.0294844301697356,0.0210238493967826,0.0139343008554795,0.00889592107128917,0.00571153808702613,0.00368992000680797,0.00234656383178599,0.00149958471555231,0.00100953830025905,0.000687528234139249,0.000423693291552215,0.000221854485627282,0.000104068357936775,5.41720393662462e-05,3.75882812807424e-05,3.73761566146681e-05,3.71526080152139e-05,3.27259207401433e-05,2.38126861483763e-05,1.38373570746919e-05,6.32856098178294e-06,2.26203683653468e-06,6.31532239071127e-07,0,0,0,0,0,0,0,0,0,0,0,0,0,0,0,0,0,0,0
"Age_71",3.12174057493431e-05,9.13836780034205e-05,0.000217603574669597,0.000457839590259604,0.000931689214702679,0.00188984173770973,0.00371243204337498,0.00681432642225086,0.0114814240976848,0.0178551294290945,0.0261747784914732,0.0369882820076548,0.0506929518680445,0.0664769677592613,0.0819940325790195,0.0941779827915296,0.100139129101143,0.0981373810429125,0.0887891767838182,0.075224986573688,0.0611525686689094,0.0487871393183778,0.0383027517314246,0.028982702570769,0.0206839116161121,0.0139447990413983,0.00913023134963673,0.00595133074067443,0.00384503196182365,0.00243997997914659,0.00157618403746676,0.0010826844624804,0.000751497794661033,0.000470521375443795,0.000248985878926643,0.000115963854210281,5.80200660231783e-05,3.78473187859023e-05,3.86060163970138e-05,3.91949866310256e-05,3.46800788717038e-05,2.47583046379318e-05,1.3772243613644e-05,5.8818801680335e-06,1.92057249839083e-06,4.77958867439446e-07,0,0,0,0,0,0,0,0,0,0,0,0,0,0,0,0,0,0,0
"Age_72",3.9411081068125e-05,0.000108739177088121,0.000242251447965673,0.000468377622800594,0.000882168588276237,0.00173629439781762,0.00347913566707192,0.00660200290166043,0.0113854896530018,0.0178490688003152,0.0261861626783354,0.0370553789167647,0.0509806487316974,0.0670699713992858,0.0827132242799281,0.094626469109642,0.10003017719889,0.0976188434232324,0.0881831033542591,0.0746301311968994,0.0605163026839058,0.0481681554407085,0.0378565805946381,0.0288495781238729,0.0209185041814724,0.0144727774223387,0.00977806700312596,0.00654087225952,0.00426092270457304,0.00263332570495611,0.00157533638673499,0.000984797466258157,0.000660421402674694,0.000429201057393765,0.00024326214717137,0.000119211209911744,5.57441036634595e-05,2.76535168883839e-05,1.32928880155183e-05,6.11069218788349e-06,2.21316180190602e-06,6.20222186214722e-07,0,0,0,0,0,0,0,0,0,0,0,0,0,0,0,0,0,0,0,0,0,0,0
"Age_73",0,0,2.99566682665322e-05,0.000130534112687077,0.000461537663884,0.00134105939401341,0.00324542213328048,0.00664417999772744,0.0117691104135292,0.0186427907240975,0.0274967563906578,0.0389664060363279,0.0533138004121559,0.069289105400714,0.0840848293265737,0.0945377408790707,0.0983299557625943,0.0947327061441404,0.0849977945342335,0.0720127206214487,0.0589142954369576,0.0475248059075912,0.0379036840880746,0.0293667027213186,0.0217020078490328,0.0152896761210004,0.0104333295092733,0.006988696565238,0.00456285127840441,0.00285623490504221,0.00173373621740058,0.00107391742028308,0.000694925640383713,0.000439430030422692,0.000249271802155296,0.000124920174653066,5.98423786913698e-05,3.01670801648993e-05,1.42956454609552e-05,7.11182620736173e-06,2.81254322519507e-06,8.78243616148915e-07,0,0,0,0,0,0,0,0,0,0,0,0,0,0,0,0,0,0,0,0,0,0,0
"Age_74",0,0,4.0897415075821e-05,0.000171166488425411,0.000572024861591226,0.00157346906128418,0.00360782177892846,0.00702317136447063,0.0119216854699509,0.0183270014902854,0.0266352255715204,0.0376931504207977,0.0519342901544412,0.0682158950907492,0.0836823372771743,0.0948973351568079,0.0992499607899466,0.0959257284350692,0.0862091415545318,0.0729847468034233,0.059436355896529,0.0475922992825558,0.0377622135281608,0.0292778155859733,0.0216850594169675,0.0151762865651528,0.0101433138543669,0.00663389490612912,0.00430940342745442,0.00276925334884262,0.00176402722883848,0.00114184973127804,0.000752004641335914,0.000471405756555275,0.00025655069373324,0.000113596612218294,3.9548506580087e-05,1.00718328549596e-05,0,0,0,0,0,0,0,0,0,0,0,0,0,0,0,0,0,0,0,0,0,0,0,0,0,0,0
"Age_75",0,1.97280425129761e-05,8.31752829763362e-05,0.000293527220277727,0.000858020392622858,0.00211381368629864,0.00444029069562713,0.00808226932290413,0.0130686912018503,0.0194479211067599,0.0276688277262981,0.0385019235121979,0.0522067659852449,0.0676281158272658,0.0822093706397213,0.0929577968238415,0.097528013262515,0.0949649864966806,0.0861525743661487,0.0735509949697467,0.0601673097974458,0.048136736249193,0.0379690231917038,0.0291273174787335,0.0211955176252763,0.014431457367111,0.00933480071653028,0.00598392471591116,0.00394583435690059,0.00268034107321257,0.00184962599369087,0.00129411749904782,0.000904106519957075,0.00059708136791996,0.0003478999558204,0.000169854412286217,6.75407920248234e-05,2.07043257443945e-05,0,0,0,0,0,0,0,0,0,0,0,0,0,0,0,0,0,0,0,0,0,0,0,0,0,0,0
"Age_76",2.33106204954339e-07,4.24721548100149e-05,0.000148332643709221,0.00044007627966181,0.00111859151012992,0.00245970089090916,0.00474369031646679,0.00818443211032828,0.0129763144902264,0.0194842845021307,0.0283171045385403,0.0399666140463502,0.05411602001219,0.0692323029405089,0.082892410176606,0.0925902898700067,0.0964675893437424,0.0938024857969638,0.0853228160748992,0.0731367336619525,0.0599568764307237,0.0478846298882257,0.0376299309272728,0.0288471994637246,0.0211203408535675,0.0145467396336076,0.00948834487105426,0.00602746782118849,0.00382156584087766,0.00239358039334142,0.00142092240429727,0.000767610766096798,0.000370590365642775,0.000162234028004677,6.83545336422232e-05,2.60117017725054e-05,1.38754500123445e-05,6.93033070113674e-06,2.97104082242083e-06,1.03921423280719e-06,2.8957485414017e-07,0,0,0,0,0,0,0,0,0,0,0,0,0,0,0,0,0,0,0,0,0,0,0,0
"Age_77",6.3648600584943e-05,0.000184622008833398,0.000473590387608532,0.0010795952403199,0.0022010734504083,0.00404831670783801,0.00679631889271289,0.0105754537848344,0.0155252266453866,0.0218584492679707,0.0298194439052645,0.0394864563748498,0.0505389828674139,0.0621636365644533,0.0731423076174902,0.0820314054890908,0.0873948832953696,0.0881667129100889,0.0840703753568907,0.0758512887823408,0.0650157087658025,0.0532526318062539,0.0418981074040936,0.0317636923362173,0.0232499840863554,0.0164960770771616,0.0114381086325985,0.00782707669326668,0.00530195684831215,0.00351351065824786,0.00222082444342101,0.00130074634370044,0.000690271256649267,0.000329315124502935,0.000143399530691615,5.94882943550926e-05,1.50931247933878e-05,7.55700591271748e-06,3.22946977934651e-06,1.12310081276552e-06,3.09847321732498e-07,0,0,0,0,0,0,0,0,0,0,0,0,0,0,0,0,0,0,0,0,0,0,0,0
"Age_78",0.000174434870306969,0.00038323222610546,0.000763511187971107,0.00139194448730757,0.00235245755362679,0.00374421197249298,0.00572076793063331,0.00853723371642981,0.0125711898253802,0.0182470590831228,0.0258827854855512,0.0354913855706151,0.046650846291006,0.0584997839481287,0.0698550623192971,0.0793564143192262,0.0856562624182461,0.0877127232217017,0.0851227235185042,0.0783191000297107,0.0684736310478114,0.0570982610196141,0.0456063093122647,0.0350681850758256,0.0261346057711711,0.0190419319147268,0.0136841779415154,0.00974648279528973,0.00685695099091381,0.00470499072264572,0.00309011680049574,0.00190656632107537,0.00109115894261436,0.000577633545323256,0.000284753974879742,0.000131873414608204,5.71556223584339e-05,7.56213997133909e-06,3.21258772823855e-06,1.0477349786222e-06,2.62348824631108e-07,0,0,0,0,0,0,0,0,0,0,0,0,0,0,0,0,0,0,0,0,0,0,0,0
"Age_79",0.000174572353984774,0.000383678456989887,0.000764674727989105,0.00139438826541384,0.00235675128213954,0.00375145874146297,0.00573514211927923,0.00857124978245429,0.012647322814398,0.0183890132312068,0.0260967783899484,0.0357582373249087,0.0469348304081348,0.0587655304418712,0.0700714423448672,0.0794959788498524,0.0857042091309522,0.0876708269573614,0.0849966178988114,0.0781077184467481,0.0681858161638286,0.0567802273737099,0.0453334761631684,0.0348947525158713,0.0260566622077842,0.0190129476718412,0.0136557030781175,0.00969492472528674,0.00678528511962239,0.00463220685334088,0.00303491226992832,0.00187589893577255,0.00107970440946322,0.000576763837160035,0.000289462884814194,0.000142065162995514,7.47479154749905e-05,3.25784469907421e-05,3.16076960689988e-05,2.64086604962375e-05,1.79665455684971e-05,9.68282567302284e-06,4.08859158290961e-06,1.34380043140133e-06,3.44176233742233e-07,0,0,0,0,0,0,0,0,0,0,0,0,0,0,0,0,0,0,0,0
"Age_80",0.000174605413205445,0.000383865312232388,0.000765430552318992,0.00139679721864286,0.00236310544021415,0.00376584378873261,0.0057638900890325,0.0086219409072412,0.0127267864262467,0.018498126891686,0.0262283331102737,0.0358965241500619,0.0470690906160598,0.0589047222733786,0.0702380906719549,0.0796854159181629,0.0858492422189544,0.0876747294941426,0.0848138066235063,0.0777866445058924,0.0678265492308159,0.0564672636017776,0.0451116849564966,0.0347757263450288,0.0260247368725738,0.0190332672598972,0.0136930085278969,0.00972883535900799,0.00681114256579342,0.00465175549333143,0.00304958710629742,0.00188599472354975,0.00108634376470637,0.000581801504280614,0.000294253414704596,0.000146997712723429,7.9905035332286e-05,3.80458325084968e-05,3.70367700104533e-05,3.09242267128039e-05,2.09112986304211e-05,1.11371995151975e-05,4.61549159707361e-06,1.48408487078718e-06,0,0,0,0,0,0,0,0,0,0,0,0,0,0,0,0,0,0,0,0,0
"Age_81",0.000174514929378122,0.000383651044248128,0.000765195480782809,0.00139730108831981,0.00236674849077513,0.00377799729627109,0.00579321253243229,0.00867753026387011,0.0128082816183825,0.0185876785987267,0.026294042500902,0.0359171988440969,0.0470585391858317,0.058909371087768,0.0703038520598776,0.079824397454456,0.086033728764981,0.0878488421091815,0.0849289022790798,0.0778265856718235,0.0678118262545139,0.0564264509645838,0.0450624325420719,0.034722962814821,0.025962990544663,0.0189496845688817,0.0135782384044897,0.00958712554566102,0.00665950695809907,0.00451187042023275,0.002939240655918,0.00181335656505747,0.00104801244469548,0.000567030785642244,0.000291656004928765,0.000148858038818924,8.30261526650692e-05,4.19611901222106e-05,4.13743218372789e-05,3.44885742535441e-05,2.2815760194771e-05,1.16440747080126e-05,4.53308010310638e-06,1.34203185273042e-06,0,0,0,0,0,0,0,0,0,0,0,0,0,0,0,0,0,0,0,0,0
"Age_82",0.000174452650145533,0.000383497531932758,0.000764993451727266,0.00139753766432992,0.00236882108206404,0.00378498562221785,0.00581105160046409,0.00871432827588575,0.0128713769271576,0.0186767154497134,0.0263947785929988,0.0360040925375047,0.0471161879150386,0.0589625267075048,0.0704178917039275,0.0800575895640998,0.0863763340088078,0.088206276842787,0.0851661968096844,0.077853117736653,0.0676184058942834,0.0560768814336635,0.0446566428940874,0.0343523291994974,0.0256809017199278,0.0187725223128962,0.0134954846128514,0.00956814775612633,0.00666740832959921,0.00452177713572029,0.00294379453984638,0.00181446380291717,0.00104894540939586,0.00056945852992047,0.00029538285499304,0.0001528639738796,8.70379832515364e-05,4.65685913629778e-05,4.64235311358648e-05,3.8636606595108e-05,2.50616138796413e-05,1.23176238485968e-05,4.53918837218385e-06,1.25178730421528e-06,0,0,0,0,0,0,0,0,0,0,0,0,0,0,0,0,0,0,0,0,0
"Age_83",0.000174508286953306,0.000383758341165786,0.000765955837976011,0.00140046316806472,0.00237640475720425,0.00380223878408638,0.00584613323330734,0.00877737466257035,0.0129689050710788,0.0188041934875467,0.0265372091318259,0.0361499580244063,0.0472699459578085,0.0591341079604666,0.0705967289020469,0.0802052228036434,0.0864501624000915,0.0881858397670938,0.0850541342957551,0.0776647392281548,0.0673831927033117,0.0558394072426717,0.0444620829689422,0.0342253985173197,0.0256153463131853,0.0187383762711389,0.0134611924805571,0.0095217257614081,0.00661844283295714,0.00448489887460212,0.00292408078402596,0.00180754505166241,0.00104879982776898,0.000572535710250628,0.000300060549783632,0.000158260674146107,9.28135553797498e-05,5.26958652227273e-05,5.24907431549219e-05,4.36876907868433e-05,2.83809331224492e-05,1.39869961593375e-05,5.17815331030897e-06,1.43539788569834e-06,0,0,0,0,0,0,0,0,0,0,0,0,0,0,0,0,0,0,0,0,0
"Age_84",0.000174090909549341,0.000383044018077494,0.000764140993507914,0.00139700480783054,0.00237113822748029,0.00379550176673212,0.0058399882236949,0.00877752265022438,0.0129772407941777,0.018801404953937,0.0264863831728326,0.0360439209832613,0.04718496695562,0.0592046097824742,0.070903952173272,0.0807112482588189,0.0870430846353142,0.0887274029827223,0.0854004865235281,0.0777316714804119,0.0672063968824063,0.0555307966290456,0.0441305464082972,0.0339371583261578,0.0253797192196721,0.0185257174882154,0.0132527966015831,0.00933541807332329,0.00648341559118168,0.00440862802709208,0.00289004951791276,0.00179489202244896,0.00104570860551,0.000575141532454744,0.000305737060832696,0.000163472359637906,9.69788500785381e-05,5.86588299665385e-05,6.0619084921305e-05,5.01579395967857e-05,3.06278641501575e-05,1.34319340361941e-05,4.19531128621939e-06,9.31546725629584e-07,0,0,0,0,0,0,0,0,0,0,0,0,0,0,0,0,0,0,0,0,0
"Age_85",0.000174090909549341,0.000383086688928908,0.000764309958224427,0.00139798955860642,0.00237513975475708,0.00380523606789729,0.00585364185322467,0.00878701740267673,0.0129824343122295,0.0188321110009057,0.0266022340203253,0.0362970573016996,0.0475620581237623,0.0596022484811323,0.0711862594303546,0.0807976217532136,0.0869390551101351,0.0885144085415822,0.0851964908279687,0.077605061226555,0.067132769259032,0.0554499133198883,0.0440128731619807,0.0337931718771328,0.0252432000820321,0.0184292449901581,0.0132020541880629,0.00931076150632972,0.0064639647182502,0.00438791479185585,0.00287132200952333,0.00177833006569727,0.00102407805639276,0.000541596606888279,0.000264030432897566,0.000127078439970421,7.61488179672105e-05,5.23433801671443e-05,6.23797405819717e-05,5.54994562534667e-05,3.68575631975872e-05,1.82769341873737e-05,6.76742652682228e-06,1.87085129748671e-06,0,0,0,0,0,0,0,0,0,0,0,0,0,0,0,0,0,0,0,0,0
